{
    "type": "origins:action_over_time",
    "condition": {
        "type": "origins:exposed_to_sun"
    },
    "entity_action":{
        "type": "origins:apply_effect",
        "effects":[
            {
                "effect": "minecraft:blindness",
                "duration": 100,
                "amplifier": 0,
                "is_ambient": true,
                "show_particles": false,
                "show_icon": false
            },
            {
                "effect": "minecraft:slowness",
                "duration": 100,
                "amplifier": 0,
                "is_ambient": true,
                "show_particles": false,
                "show_icon": false
            },
            {
                "effect": "minecraft:weakness",
                "duration": 100,
                "amplifier": 0,
                "is_ambient": true,
                "show_particles": false,
                "show_icon": false
            },
            {
                "effect": "minecraft:nausea",
                "duration": 100,
                "amplifier": 0,
                "is_ambient": true,
                "show_particles": false,
                "show_icon": false
            }
        ]
    },
    "interval": 2,
    "name": "§lINCOMPATIBLE RAYS",
    "description": "THE UV RAYS OF THIS SUN DAMAGE HARDWEAR. DO NOT COME INTO CONTACT WITH ITS LIGHT."
}