{
    "type": "origins:active_self",
    "entity_action": {
        "type": "origins:and",
        "actions": [
            {
                "type": "origins:equipped_item_action",
                "equipment_slot": "offhand",
                "action": {
                    "type": "origins:consume",
                    "amount": 1
                }
            },
            {
                "type": "origins:heal",
                "amount": 2
            },
            {
                "type": "origins:play_sound",
                "sound": "minecraft:block.anvil.land"
            }
        ]
    },
    "cooldown": 2,
    "hud_render": {
        "should_render": false
    },
    "key": {
        "key": "key.use",
        "continuous": false
    },
    "condition": {
        "type": "origins:equipped_item",
        "equipment_slot": "offhand",
        "item_condition": {
            "type": "origins:ingredient",
            "ingredient": {
                "item": "minecraft:iron_ingot"
            }
        }
    },
    "name": "§lCHASIS REPAIR",
    "description": "TO REPAIR CHASIS, USE OF IRON IN YOUR OFFHAND IS REQUIRED"
}
