{
    "type": "origins:multiple",
    "eat_redstone": {
        "type": "origins:active_self",
        "entity_action": {
            "type": "origins:and",
            "actions": [
                {
                    "type": "origins:equipped_item_action",
                    "equipment_slot": "offhand",
                    "action": {
                        "type": "origins:consume",
                        "amount": 1
                    }
                },
                {
                    "type": "origins:feed",
                    "food": 1,
                    "saturation": 1
                },
                {
                    "type": "origins:play_sound",
                    "sound": "minecraft:block.respawn_anchor.charge",
                    "pitch": 2
                }
            ]
        },
        "cooldown": 2,
        "hud_render": {
            "should_render": false
        },
        "key": {
            "key": "key.use",
            "continuous": false
        },
        "condition": {
            "type": "origins:equipped_item",
            "equipment_slot": "offhand",
            "item_condition": {
                "type": "origins:ingredient",
                "ingredient": {
                    "item": "minecraft:redstone"
                }
            }
        }
    },
    "sleep_recharge": {
        "type": "origins:action_on_wake_up",
        "entity_action": {
            "type": "origins:and",
            "actions": [
                {
                    "type": "origins:feed",
                    "food": 20.0,
                    "saturation": 20.0
                },
                {
                    "type": "origins:play_sound",
                    "sound": "minecraft:block.beacon.activate",
                    "volume": 2,
                    "pitch": 0.5
                }
            ]
        }
    },
    "name": "§lRECHARGE",
    "description": "BY POWERING DOWN IN THE LOWER LAYERS OF THE PLANET, YOU ARE ABLE TO COLECT ENERGY FROM THE FRICTION OF MOLICULES AROUND YOU. THIS CAN ALSO BE ACCOMPLESHED BY ABSORBING A ITEM THAT CONTAINS POWER IN YOUR OFFHAND"
}